{"stats":{"minecraft:custom":{"minecraft:time_since_rest":6415,"minecraft:waystone_activated":1,"minecraft:play_one_minute":9020,"minecraft:crouch_one_cm":320,"minecraft:walk_one_cm":20196,"minecraft:sprint_one_cm":39388,"minecraft:damage_absorbed":1270,"minecraft:damage_taken":1156,"minecraft:deaths":2,"minecraft:sneak_time":117,"minecraft:walk_under_water_one_cm":582,"minecraft:mob_kills":4,"minecraft:drop":2,"minecraft:jump":229,"minecraft:damage_dealt":427,"minecraft:leave_game":1,"minecraft:walk_on_water_one_cm":2536,"minecraft:time_since_death":6383,"minecraft:climb_one_cm":42,"minecraft:fall_one_cm":8530,"minecraft:fly_one_cm":58706},"minecraft:killed":{"minecraft:squid":2,"minecraft:cow":2},"minecraft:picked_up":{"minecraft:leather":2,"minecraft:beef":2,"minecraft:ink_sac":4},"minecraft:dropped":{"minecraft:leather":2},"minecraft:killed_by":{"specialmobs:skeleton":2}},"DataVersion":2586}